dataset,t1,t2,t3,t4,t5,t6,t7,t8
500,0.9972936400541272,1.9549071618037135,2.9246031746031744,3.858638743455497,4.848684210526316,5.6692307692307695,6.353448275862069,6.7
1000,0.9917269906928645,1.9651639344262295,2.9031281533804236,3.8257978723404253,4.763245033112582,5.719681908548708,6.690697674418605,7.1745635910224435
2000,0.9928658430485471,1.952104002736914,2.884003032600455,3.8103505843071788,4.792944141117178,5.723169508525577,6.513698630136986,7.3578336557059965
5000,0.9901797140154677,1.9535126234906697,2.912088361628145,3.82247758148526,4.765430445842817,5.7343322055743515,6.680367867867868,7.497998736043817
10000,0.9937516827099585,1.951067145377534,2.9146754179058556,3.830633204841362,4.782667227597813,5.74231219945852,6.696275004123177,7.582168391847188
