dataset,speedup
500,4.589189189189189
1000,4.824285714285714
2000,4.966507177033493
5000,4.89991801358632
10000,4.8562033234438715
