dataset,speedup
500,7.086538461538462
1000,7.246851385390428
2000,7.512837393021725
5000,7.651117798796217
10000,7.6660193127259
