dataset,t1,t2,t3,t4,t5,t6,t7,t8
500,0.9915966386554622,1.9344262295081966,2.8780487804878048,3.786096256684492,4.688741721854305,5.53125,6.4363636363636365,6.9411764705882355
1000,0.9914529914529915,1.9427773900907188,2.8819875776397517,3.79291553133515,4.678991596638656,5.5568862275449105,6.474418604651163,7.268929503916449
2000,0.9923221140969556,1.9482909728308502,2.8952852305287835,3.78963518581657,4.717741935483871,5.56584877315974,6.492406542056075,7.351190476190476
5000,0.9937860630270751,1.9465743051855176,2.9025634592062897,3.7982379336762615,4.721058359406883,5.58758654000966,6.5215634689467255,7.431370449678801
10000,0.9935810083913075,1.9419523956376685,2.9047848695798035,3.8148673394924892,4.7423192126658105,5.603373308795276,6.484658412713273,7.138955450774265
