dataset,speedup
500,6.555555555555555
1000,7.384615384615385
2000,7.434782608695652
5000,7.476195605342525
10000,7.104541142080566
