dataset,speedup
500,6.937984496124031
1000,7.600840336134453
2000,7.234506693108577
5000,6.674461766889384
10000,6.13955438428366
